kpi_name,value,unit,source_file,topic,topic_fr,score,confidence,extraction_date
Major Non-Conformance Rate,100,%,ACCO_Brands_Corp_2023.pdf,Food Safety,Sécurité alimentaire,A - High,0.8868345618247986,2025-10-26 00:31:05
Priority Non-Conformance Rate in Supply Chain Audits,4,%,ACCO_Brands_Corp_2023.pdf,Labour Conditions in the Supply Chain,Conditions de travail dans la chaîne d'approvisionnement,A - High,0.7907769680023193,2025-10-26 00:31:05
Percentage of suppliers audited annually,8,%,ACCO_Brands_Corp_2023.pdf,Counterfeit Drugs,Médicaments contrefaits,A - High,0.7749751806259155,2025-10-26 00:31:05
Hazardous Waste Generation Rate,92,%,ACCO_Brands_Corp_2023.pdf,Hazardous Waste Management,Gestion des déchets dangereux,A - High,0.7386245131492615,2025-10-26 00:31:05
Total Gross Global Scope 1 Emissions,1,people,ACCO_Brands_Corp_2023.pdf,Greenhouse Gas Emissions Energy Resource Planning,Émissions de gaz à effet de serre et planification des ressources énergétiques,A - High,0.7170687317848206,2025-10-26 00:31:04
Supplier Social Responsibility Commitment Compliance Rate,4,%,ACCO_Brands_Corp_2023.pdf,Labour Conditions in the Supply Chain,Conditions de travail dans la chaîne d'approvisionnement,A - High,0.7072870135307312,2025-10-26 00:31:05
Percentage of Suppliers Approved through Inspections or Audits,8,%,ACCO_Brands_Corp_2023.pdf,Counterfeit Drugs,Médicaments contrefaits,A - High,0.7026705145835876,2025-10-26 00:31:05
Amount of hazardous waste generated,92,%,ACCO_Brands_Corp_2023.pdf,Hazardous Waste Management,Gestion des déchets dangereux,A - High,0.692480742931366,2025-10-26 00:31:05
Percentage grid electricity and percentage renewable,1,%,ACCO_Brands_Corp_2023.pdf,Greenhouse Gas Emissions Energy Resource Planning,Émissions de gaz à effet de serre et planification des ressources énergétiques,A - High,0.6885225176811218,2025-10-26 00:31:05
"Scope 1, Scope 2, and, if appropriate, Scope 3 GHG emissions",1,people,ACCO_Brands_Corp_2023.pdf,Greenhouse Gas Emissions Energy Resource Planning,Émissions de gaz à effet de serre et planification des ressources énergétiques,A - High,0.661125898361206,2025-10-26 00:31:04
Data Security Breaches,9,%,ACCO_Brands_Corp_2023.pdf,Data Security,Sécurité des données,A - High,0.6563570499420166,2025-10-26 00:31:05
"Elimination of human trafficking, slavery, and human rights abuses in supply chain",98,%,ACCO_Brands_Corp_2023.pdf,Rights of Indigenous Peoples,Droits des peuples autochtones,A - High,0.6457272171974182,2025-10-26 00:31:05
Scope 1 GHG Emissions Reduction Target,1,people,ACCO_Brands_Corp_2023.pdf,Greenhouse Gas Emissions Energy Resource Planning,Émissions de gaz à effet de serre et planification des ressources énergétiques,A - High,0.6441776156425476,2025-10-26 00:31:04
Total Number of Waste Management Facilities in Urbanized Areas,92,%,ACCO_Brands_Corp_2023.pdf,Air Quality,Qualité de l'air,A - High,0.6306146383285522,2025-10-26 00:31:05
Affected Customer Population,2,unknown,ACCO_Brands_Corp_2023.pdf,Drinking Water Quality,Qualité de l'eau potable,A - High,0.6272655129432678,2025-10-26 00:31:05
Supplier Qualification Approval System Compliance Rate,4,%,ACCO_Brands_Corp_2023.pdf,Labour Conditions in the Supply Chain,Conditions de travail dans la chaîne d'approvisionnement,A - High,0.6253808736801147,2025-10-26 00:31:05
Percentage of Products with Assessed Chemicals of Concern,201,currency,ACCO_Brands_Corp_2023.pdf,"Product Environmental, Health and Safety Performance","Performance environnementale, santé et sécurité des produits",A - High,0.6230005025863647,2025-10-26 00:31:05
Money Laundering Legal Proceeding Losses,310,unknown,ACCO_Brands_Corp_2023.pdf,Internal Controls on Money Laundering,Contrôles internes sur le blanchiment d'argent,A - High,0.6028832793235779,2025-10-26 00:31:05
Number of Unique Medical Product Safety Databases with Listed Products,11,unknown,ACCO_Brands_Corp_2023.pdf,Product Safety,Sécurité des produits,A - High,0.5852253437042236,2025-10-26 00:31:05
Number of Suppliers with Quality Management System Certification,255,unknown,ACCO_Brands_Corp_2023.pdf,Counterfeit Drugs,Médicaments contrefaits,A - High,0.5713789463043213,2025-10-26 00:31:04
Air Pollutant Emission Intensity,5,tCO2e,ACCO_Brands_Corp_2023.pdf,Greenhouse Gas Emissions Energy Resource Planning,Émissions de gaz à effet de serre et planification des ressources énergétiques,A - High,0.5700222849845886,2025-10-26 00:31:04
Data Privacy Compliance,5,unknown,ACCO_Brands_Corp_2023.pdf,Data Privacy Advertising Standards,Normes publicitaires sur la confidentialité des données,A - High,0.568996787071228,2025-10-26 00:31:05
Board’s oversight of climate-related risks and opportunities,100,%,ACCO_Brands_Corp_2023.pdf,Greenhouse Gas Emissions Energy Resource Planning,Émissions de gaz à effet de serre et planification des ressources énergétiques,A - High,0.5657497048377991,2025-10-26 00:31:04
Number of Approved Suppliers with Third-Party GMP Certification,410,unknown,ACCO_Brands_Corp_2023.pdf,Counterfeit Drugs,Médicaments contrefaits,A - High,0.5647199153900146,2025-10-26 00:31:05
Product Safety Monetary Losses,310,unknown,ACCO_Brands_Corp_2023.pdf,Product Safety,Sécurité des produits,A - High,0.5574961304664612,2025-10-26 00:31:05
Nombre de fournisseurs avec certification du système de gestion de la qualité,11,unknown,ACCO_Brands_Corp_2023.pdf,Counterfeit Drugs,Médicaments contrefaits,A - High,0.5489405393600464,2025-10-26 00:31:05
Percentage of safety and health plan approvals,17,%,ACCO_Brands_Corp_2023.pdf,Accident Safety Management,Gestion de la sécurité des accidents,A - High,0.5448947548866272,2025-10-26 00:31:05
Number of Access to Medicine Initiatives,202,people,ACCO_Brands_Corp_2023.pdf,Access to Medicines,Accès aux médicaments,A - High,0.5397946834564209,2025-10-26 00:31:05
Pourcentage de fournisseurs audités annuellement,2,%,ACCO_Brands_Corp_2023.pdf,Counterfeit Drugs,Médicaments contrefaits,A - High,0.5374260544776917,2025-10-26 00:31:05
Safety Risk Mitigation Rate,1,%,ACCO_Brands_Corp_2023.pdf,Accident Safety Management,Gestion de la sécurité des accidents,A - High,0.5365811586380005,2025-10-26 00:31:05
Percentage of Operations Compliant with Jurisdictional Regulatory Requirements for Product Identification and Tracing,40,%,ACCO_Brands_Corp_2023.pdf,Drug Supply Chain Integrity,Intégrité de la chaîne d'approvisionnement des médicaments,A - High,0.5365279316902161,2025-10-26 00:31:05
Fuel Economy Improvement Rate,1,%,ACCO_Brands_Corp_2023.pdf,Fuel Economy Emissions in Use-phase,Émissions de consommation de carburant en phase d'utilisation,A - High,0.5241271257400513,2025-10-26 00:31:05
Emissions and energy metrics,1,tCO2e,ACCO_Brands_Corp_2023.pdf,Lifecycle Emissions Balance,Équilibre des émissions sur le cycle de vie,A - High,0.5221662521362305,2025-10-26 00:31:04
Percentage of Feedstock Suppliers Meeting Sustainability Criteria,410,%,ACCO_Brands_Corp_2023.pdf,Sourcing Environmental Impacts of Feedstock Production,Impacts environnementaux de la production de matières premières,A - High,0.5203810930252075,2025-10-26 00:31:04
Annual False or Inaccurate Reporting Incidents,2,%,ACCO_Brands_Corp_2023.pdf,Air Quality,Qualité de l'air,A - High,0.5145636200904846,2025-10-26 00:31:05
Refinery Population Exposure Index,201,unknown,ACCO_Brands_Corp_2023.pdf,Air Quality,Qualité de l'air,A - High,0.5040547251701355,2025-10-26 00:31:05
Total GHG Emissions from Power Generation,20,%,ACCO_Brands_Corp_2023.pdf,Greenhouse Gas Emissions Energy Resource Planning,Émissions de gaz à effet de serre et planification des ressources énergétiques,A - High,0.5021772980690002,2025-10-26 00:31:05
Amount of hazardous waste generated,2,%,esg-disclosure-supplement.pdf,Hazardous Waste Management,Gestion des déchets dangereux,A - High,0.8207741975784302,2025-10-26 00:49:49
Hazardous Waste Generation Rate,2,%,esg-disclosure-supplement.pdf,Hazardous Waste Management,Gestion des déchets dangereux,A - High,0.7952695488929749,2025-10-26 00:49:49
Inspections Meeting Minimum Clinical Trial Criteria,2,unknown,esg-disclosure-supplement.pdf,Safety of Clinical Trial Participants,Sécurité des participants aux essais cliniques,A - High,0.789462685585022,2025-10-26 00:49:49
Total Number of Waste Management Facilities in Urbanized Areas,1,unknown,esg-disclosure-supplement.pdf,Air Quality,Qualité de l'air,A - High,0.7724431157112122,2025-10-26 00:49:49
Number of Unique Medical Product Safety Databases with Listed Products,1,unknown,esg-disclosure-supplement.pdf,Product Safety,Sécurité des produits,A - High,0.7697248458862305,2025-10-26 00:49:49
Total Clinical Trial Inspections with Objectionable Conditions,2,unknown,esg-disclosure-supplement.pdf,Safety of Clinical Trial Participants,Sécurité des participants aux essais cliniques,A - High,0.7686820030212402,2025-10-26 00:49:49
Timeliness of Counterfeit Product Alerts,2,unknown,esg-disclosure-supplement.pdf,Counterfeit Drugs,Médicaments contrefaits,A - High,0.7061180472373962,2025-10-26 00:49:49
Number of work-related fatalities for contractors,1,unknown,esg-disclosure-supplement.pdf,Accident Safety Management,Gestion de la sécurité des accidents,A - High,0.7058379650115967,2025-10-26 00:49:49
"Scope 1, Scope 2, and, if appropriate, Scope 3 GHG emissions",202,tons,esg-disclosure-supplement.pdf,Greenhouse Gas Emissions Energy Resource Planning,Émissions de gaz à effet de serre et planification des ressources énergétiques,A - High,0.6981277465820312,2025-10-26 00:49:49
Number of Clinical Trial Audits Conducted by Region,2,unknown,esg-disclosure-supplement.pdf,Safety of Clinical Trial Participants,Sécurité des participants aux essais cliniques,A - High,0.6978388428688049,2025-10-26 00:49:49
Total Gross Global Scope 1 Emissions,2,tons,esg-disclosure-supplement.pdf,Greenhouse Gas Emissions Energy Resource Planning,Émissions de gaz à effet de serre et planification des ressources énergétiques,A - High,0.6969136595726013,2025-10-26 00:49:49
Trend in Reported Fatalities from Medical Equipment,2,unknown,esg-disclosure-supplement.pdf,Product Safety,Sécurité des produits,A - High,0.6848199963569641,2025-10-26 00:49:49
Number of recalls issued,0,unknown,esg-disclosure-supplement.pdf,Food Safety,Sécurité alimentaire,A - High,0.657547652721405,2025-10-26 00:49:49
Percentage of Suppliers Screened for ESG Issues,202,%,esg-disclosure-supplement.pdf,Counterfeit Drugs,Médicaments contrefaits,A - High,0.6530006527900696,2025-10-26 00:49:49
Exposed Population within 5 Kilometers of Waste Management Facilities,1,unknown,esg-disclosure-supplement.pdf,Air Quality,Qualité de l'air,A - High,0.6469844579696655,2025-10-26 00:49:49
Product Traceability,1,unknown,esg-disclosure-supplement.pdf,Raw Materials Sourcing,Approvisionnement en matières premières,A - High,0.6194406151771545,2025-10-26 00:49:49
Scope 1 GHG Emissions Reduction Target,202,tons,esg-disclosure-supplement.pdf,Greenhouse Gas Emissions Energy Resource Planning,Émissions de gaz à effet de serre et planification des ressources énergétiques,A - High,0.6170026659965515,2025-10-26 00:49:49
Number of Access to Medicine Initiatives,1,unknown,esg-disclosure-supplement.pdf,Access to Medicines,Accès aux médicaments,A - High,0.6155283451080322,2025-10-26 00:49:49
Total Annual Product Recalls,0,unknown,esg-disclosure-supplement.pdf,Product Safety,Sécurité des produits,A - High,0.6111795902252197,2025-10-26 00:49:49
GHG Emissions Intensity per kWh Delivered,50,tons,esg-disclosure-supplement.pdf,Greenhouse Gas Emissions Energy Resource Planning,Émissions de gaz à effet de serre et planification des ressources énergétiques,A - High,0.6084558367729187,2025-10-26 00:49:49
Number of counterfeit incidents detected per million units sold,3,unknown,esg-disclosure-supplement.pdf,Counterfeit Drugs,Médicaments contrefaits,A - High,0.597927451133728,2025-10-26 00:49:49
Total amount of food product recalled,0,unknown,esg-disclosure-supplement.pdf,Food Safety,Sécurité alimentaire,A - High,0.5761793255805969,2025-10-26 00:49:49
Percentage of Products with Assessed Chemicals of Concern,3,%,esg-disclosure-supplement.pdf,"Product Environmental, Health and Safety Performance","Performance environnementale, santé et sécurité des produits",A - High,0.5759271383285522,2025-10-26 00:49:49
Average Time to Address Safety Alerts for Affected Products,1,unknown,esg-disclosure-supplement.pdf,Product Safety,Sécurité des produits,A - High,0.5708230137825012,2025-10-26 00:49:49
Money Laundering Legal Proceeding Losses,1,unknown,esg-disclosure-supplement.pdf,Internal Controls on Money Laundering,Contrôles internes sur le blanchiment d'argent,A - High,0.565184473991394,2025-10-26 00:49:49
Accident rate (Total),13,%,esg-disclosure-supplement.pdf,Accident Safety Management,Gestion de la sécurité des accidents,A - High,0.5598611235618591,2025-10-26 00:49:49
Clinical Trial Safety Incident Rate,3,%,esg-disclosure-supplement.pdf,Safety of Clinical Trial Participants,Sécurité des participants aux essais cliniques,A - High,0.5504955649375916,2025-10-26 00:49:49
Aviation Accident Frequency Rate,13,%,esg-disclosure-supplement.pdf,Accident Safety Management,Gestion de la sécurité des accidents,A - High,0.5477948188781738,2025-10-26 00:49:49
Priority Non-Conformance Rate in Supply Chain Audits,1,%,esg-disclosure-supplement.pdf,Labour Conditions in the Supply Chain,Conditions de travail dans la chaîne d'approvisionnement,A - High,0.5369340777397156,2025-10-26 00:49:49
Air Pollutant Emission Intensity,1,tCO2e,esg-disclosure-supplement.pdf,Greenhouse Gas Emissions Energy Resource Planning,Émissions de gaz à effet de serre et planification des ressources énergétiques,A - High,0.5346453785896301,2025-10-26 00:49:49
Board’s oversight of climate-related risks and opportunities,202,unknown,esg-disclosure-supplement.pdf,Greenhouse Gas Emissions Energy Resource Planning,Émissions de gaz à effet de serre et planification des ressources énergétiques,A - High,0.53352952003479,2025-10-26 00:49:49
Number of GCP-Related Clinical Trial Terminations,3,unknown,esg-disclosure-supplement.pdf,Safety of Clinical Trial Participants,Sécurité des participants aux essais cliniques,A - High,0.5218992233276367,2025-10-26 00:49:49
Tier 1 Supplier Audit Coverage,1,%,esg-disclosure-supplement.pdf,Labour Conditions in the Supply Chain,Conditions de travail dans la chaîne d'approvisionnement,A - High,0.518389105796814,2025-10-26 00:49:49
Tier 1 Supplier Wastewater Compliance Rate,1,%,esg-disclosure-supplement.pdf,Environmental Impacts in the Supply Chain,Impacts environnementaux dans la chaîne d'approvisionnement,A - High,0.5142128467559814,2025-10-26 00:49:49
Percentage of Supply Chain Audits with Counterfeit Drug Detection,5,%,esg-disclosure-supplement.pdf,Drug Supply Chain Integrity,Intégrité de la chaîne d'approvisionnement des médicaments,A - High,0.5047103762626648,2025-10-26 00:49:49
Product Safety Monetary Losses,1,unknown,esg-disclosure-supplement.pdf,Product Safety,Sécurité des produits,A - High,0.5027678608894348,2025-10-26 00:49:49
Number and aggregate quantity of reportable spills,2,unknown,AAR_Corp_2024.pdf,Hazardous Waste Management,Gestion des déchets dangereux,A - High,0.8932894468307495,2025-10-26 00:50:47
Number of recalls issued,1,unknown,AAR_Corp_2024.pdf,Food Safety,Sécurité alimentaire,A - High,0.753639280796051,2025-10-26 00:50:47
Counterfeit Parts Detection Rate,2,%,AAR_Corp_2024.pdf,Product Safety,Sécurité des produits,A - High,0.7151446342468262,2025-10-26 00:50:47
Hazardous Waste Generation Rate,1,%,AAR_Corp_2024.pdf,Hazardous Waste Management,Gestion des déchets dangereux,A - High,0.7127432227134705,2025-10-26 00:50:47
Product Safety Monetary Losses,4,unknown,AAR_Corp_2024.pdf,Product Safety,Sécurité des produits,A - High,0.7062419652938843,2025-10-26 00:50:47
Amount of hazardous waste generated,1,%,AAR_Corp_2024.pdf,Hazardous Waste Management,Gestion des déchets dangereux,A - High,0.6798272728919983,2025-10-26 00:50:47
Percentage grid electricity and percentage renewable,1,%,AAR_Corp_2024.pdf,Greenhouse Gas Emissions Energy Resource Planning,Émissions de gaz à effet de serre et planification des ressources énergétiques,A - High,0.6657123565673828,2025-10-26 00:50:47
Data Privacy Compliance,2,unknown,AAR_Corp_2024.pdf,Data Privacy Advertising Standards,Normes publicitaires sur la confidentialité des données,A - High,0.6632435917854309,2025-10-26 00:50:47
Number of counterfeit incidents detected per million units sold,2,%,AAR_Corp_2024.pdf,Counterfeit Drugs,Médicaments contrefaits,A - High,0.6392502188682556,2025-10-26 00:50:47
Airworthiness Directive Frequency Rate,3,%,AAR_Corp_2024.pdf,Product Safety,Sécurité des produits,A - High,0.6319672465324402,2025-10-26 00:50:47
Money Laundering Legal Proceeding Losses,1,unknown,AAR_Corp_2024.pdf,Internal Controls on Money Laundering,Contrôles internes sur le blanchiment d'argent,A - High,0.6307660937309265,2025-10-26 00:50:47
Data Security Breaches,1,%,AAR_Corp_2024.pdf,Data Security,Sécurité des données,A - High,0.6304711699485779,2025-10-26 00:50:47
Units Recalled per Million Sold,1,unknown,AAR_Corp_2024.pdf,Product Safety,Sécurité des produits,A - High,0.6258134245872498,2025-10-26 00:50:47
Private-Label Recall Rate,1,%,AAR_Corp_2024.pdf,Drug Supply Chain Integrity,Intégrité de la chaîne d'approvisionnement des médicaments,A - High,0.6082441806793213,2025-10-26 00:50:47
"Scope 1, Scope 2, and, if appropriate, Scope 3 GHG emissions",24,tCO2e,AAR_Corp_2024.pdf,Greenhouse Gas Emissions Energy Resource Planning,Émissions de gaz à effet de serre et planification des ressources énergétiques,A - High,0.5961887240409851,2025-10-26 00:50:46
Supplier Social Responsibility Commitment Compliance Rate,204,%,AAR_Corp_2024.pdf,Labour Conditions in the Supply Chain,Conditions de travail dans la chaîne d'approvisionnement,A - High,0.5925921201705933,2025-10-26 00:50:47
Human rights impact assessment,412,unknown,AAR_Corp_2024.pdf,Food Safety,Sécurité alimentaire,A - High,0.5825346112251282,2025-10-26 00:50:47
Scope 1 GHG Emissions Reduction Target,2,%,AAR_Corp_2024.pdf,Greenhouse Gas Emissions Energy Resource Planning,Émissions de gaz à effet de serre et planification des ressources énergétiques,A - High,0.5788080096244812,2025-10-26 00:50:46
Counterfeit Product Alert Coverage,2,%,AAR_Corp_2024.pdf,Counterfeit Drugs,Médicaments contrefaits,A - High,0.5771496295928955,2025-10-26 00:50:47
Total Annual Product Recalls,4,unknown,AAR_Corp_2024.pdf,Product Safety,Sécurité des produits,A - High,0.5740795135498047,2025-10-26 00:50:46
Total Gross Global Scope 1 Emissions,202,tCO2e,AAR_Corp_2024.pdf,Greenhouse Gas Emissions Energy Resource Planning,Émissions de gaz à effet de serre et planification des ressources énergétiques,A - High,0.5609692335128784,2025-10-26 00:50:46
Total Number of Waste Management Facilities in Urbanized Areas,306,%,AAR_Corp_2024.pdf,Air Quality,Qualité de l'air,A - High,0.5536231398582458,2025-10-26 00:50:47
Percentage of Operations Compliant with Jurisdictional Regulatory Requirements for Product Identification and Tracing,2,%,AAR_Corp_2024.pdf,Drug Supply Chain Integrity,Intégrité de la chaîne d'approvisionnement des médicaments,A - High,0.5470815896987915,2025-10-26 00:50:47
Intensité des émissions de GES de la production de biocarburants,306,unknown,AAR_Corp_2024.pdf,Sourcing Environmental Impacts of Feedstock Production,Impacts environnementaux de la production de matières premières,A - High,0.5462703704833984,2025-10-26 00:50:47
Regulatory Compliance Costs for Air Pollutants,2,%,AAR_Corp_2024.pdf,Greenhouse Gas Emissions Energy Resource Planning,Émissions de gaz à effet de serre et planification des ressources énergétiques,A - High,0.5451541543006897,2025-10-26 00:50:47
Year-over-Year Change in GHG Emissions,202,tCO2e,AAR_Corp_2024.pdf,Greenhouse Gas Emissions Energy Resource Planning,Émissions de gaz à effet de serre et planification des ressources énergétiques,A - High,0.538774847984314,2025-10-26 00:50:47
Board’s oversight of climate-related risks and opportunities,202,unknown,AAR_Corp_2024.pdf,Greenhouse Gas Emissions Energy Resource Planning,Émissions de gaz à effet de serre et planification des ressources énergétiques,A - High,0.5363984704017639,2025-10-26 00:50:46
Supplier Qualification Approval System Compliance Rate,204,%,AAR_Corp_2024.pdf,Labour Conditions in the Supply Chain,Conditions de travail dans la chaîne d'approvisionnement,A - High,0.5298588871955872,2025-10-26 00:50:47
"Elimination of human trafficking, slavery, and human rights abuses in supply chain",413,unknown,AAR_Corp_2024.pdf,Rights of Indigenous Peoples,Droits des peuples autochtones,A - High,0.5273372530937195,2025-10-26 00:50:47
Number of Suppliers with Quality Management System Certification,204,unknown,AAR_Corp_2024.pdf,Counterfeit Drugs,Médicaments contrefaits,A - High,0.5251043438911438,2025-10-26 00:50:47
Exposed Population within 5 Kilometers of Waste Management Facilities,1,unknown,AAR_Corp_2024.pdf,Air Quality,Qualité de l'air,A - High,0.5240908861160278,2025-10-26 00:50:47
Percentage of Suppliers Screened for ESG Issues,202,%,AAR_Corp_2024.pdf,Counterfeit Drugs,Médicaments contrefaits,A - High,0.5149256587028503,2025-10-26 00:50:46
Employee LTIFR,6,unknown,AAR_Corp_2024.pdf,Accident Safety Management,Gestion de la sécurité des accidents,A - High,0.505779504776001,2025-10-26 00:50:47
Total Monetary Losses from Prescription Dispensing Errors,250,unknown,AAR_Corp_2024.pdf,Patient Health Outcomes,Résultats de santé des patients,A - High,0.5008162260055542,2025-10-26 00:50:47
Percentage of Suppliers Screened for ESG Issues,3,%,AB_-_AllianceBernstein_Holding_LP_2024.pdf,Counterfeit Drugs,Médicaments contrefaits,A - High,0.5903957486152649,2025-10-26 00:51:34
Money Laundering Legal Proceeding Losses,1,unknown,AB_-_AllianceBernstein_Holding_LP_2024.pdf,Internal Controls on Money Laundering,Contrôles internes sur le blanchiment d'argent,A - High,0.5770729184150696,2025-10-26 00:51:34
Population de clients affectés,3,unknown,AB_-_AllianceBernstein_Holding_LP_2024.pdf,Drinking Water Quality,Qualité de l'eau potable,A - High,0.520316481590271,2025-10-26 00:51:34
Product Safety Monetary Losses,1,unknown,AB_-_AllianceBernstein_Holding_LP_2024.pdf,Product Safety,Sécurité des produits,A - High,0.5118428468704224,2025-10-26 00:51:34
Nombre moyen de jours pour identifier et répondre aux incidents de médicaments compromis,1,unknown,Relatorio_de_Sustentabilidade_2022.pdf,Drug Supply Chain Integrity,Intégrité de la chaîne d'approvisionnement des médicaments,A - High,0.658114492893219,2025-10-26 00:52:36
Pourcentage des audits de la chaîne d'approvisionnement avec détection de médicaments contrefaits,1,unknown,Relatorio_de_Sustentabilidade_2022.pdf,Drug Supply Chain Integrity,Intégrité de la chaîne d'approvisionnement des médicaments,A - High,0.6555368900299072,2025-10-26 00:52:37
Émissions atmosphériques de Sox,305,unknown,Relatorio_de_Sustentabilidade_2022.pdf,Air Quality,Qualité de l'air,A - High,0.6531714200973511,2025-10-26 00:52:37
Intensité des émissions de polluants atmosphériques,236,unknown,Relatorio_de_Sustentabilidade_2022.pdf,Greenhouse Gas Emissions Energy Resource Planning,Émissions de gaz à effet de serre et planification des ressources énergétiques,A - High,0.6433640718460083,2025-10-26 00:52:37
Intensité des émissions de GES de la production de biocarburants,202,tons,Relatorio_de_Sustentabilidade_2022.pdf,Sourcing Environmental Impacts of Feedstock Production,Impacts environnementaux de la production de matières premières,A - High,0.6188158392906189,2025-10-26 00:52:36
Air emissions of Sox,305,tCO2e,Relatorio_de_Sustentabilidade_2022.pdf,Air Quality,Qualité de l'air,A - High,0.6117870211601257,2025-10-26 00:52:37
Pourcentage de produits avec des substances chimiques préoccupantes évaluées,2,unknown,Relatorio_de_Sustentabilidade_2022.pdf,"Product Environmental, Health and Safety Performance","Performance environnementale, santé et sécurité des produits",A - High,0.5939375758171082,2025-10-26 00:52:36
Pourcentage des émissions de SOx dans les zones urbaines,305,unknown,Relatorio_de_Sustentabilidade_2022.pdf,Air Quality,Qualité de l'air,A - High,0.5932721495628357,2025-10-26 00:52:37
Objectif de réduction des émissions de GES de portée 1,202,unknown,Relatorio_de_Sustentabilidade_2022.pdf,Greenhouse Gas Emissions Energy Resource Planning,Émissions de gaz à effet de serre et planification des ressources énergétiques,A - High,0.5922055244445801,2025-10-26 00:52:36
Ratio de produits affectés par rapport au total des produits fabriqués,290,currency,Relatorio_de_Sustentabilidade_2022.pdf,Product Safety,Sécurité des produits,A - High,0.5774892568588257,2025-10-26 00:52:36
Cuisinières efficaces distribuées,2,unknown,Relatorio_de_Sustentabilidade_2022.pdf,Lifecycle Emissions Balance,Équilibre des émissions sur le cycle de vie,A - High,0.5753447413444519,2025-10-26 00:52:36
Nombre de bases de données de sécurité des produits médicaux uniques avec des produits répertoriés,290,currency,Relatorio_de_Sustentabilidade_2022.pdf,Product Safety,Sécurité des produits,A - High,0.5690517425537109,2025-10-26 00:52:36
Couverture des audits des fournisseurs de niveau 1,207,unknown,Relatorio_de_Sustentabilidade_2022.pdf,Labour Conditions in the Supply Chain,Conditions de travail dans la chaîne d'approvisionnement,A - High,0.5657629370689392,2025-10-26 00:52:37
Pertes monétaires totales dues aux erreurs de délivrance d'ordonnances,3,unknown,Relatorio_de_Sustentabilidade_2022.pdf,Patient Health Outcomes,Résultats de santé des patients,A - High,0.5646020770072937,2025-10-26 00:52:36
Rapidité des alertes sur les produits contrefaits,290,currency,Relatorio_de_Sustentabilidade_2022.pdf,Counterfeit Drugs,Médicaments contrefaits,A - High,0.5580015778541565,2025-10-26 00:52:37
Accessibilité des ressources éducatives,202,unknown,Relatorio_de_Sustentabilidade_2022.pdf,Patient Health Outcomes,Résultats de santé des patients,A - High,0.5566708445549011,2025-10-26 00:52:36
Taux de conformité à l'engagement de responsabilité sociale des fournisseurs,5,unknown,Relatorio_de_Sustentabilidade_2022.pdf,Labour Conditions in the Supply Chain,Conditions de travail dans la chaîne d'approvisionnement,A - High,0.5542802214622498,2025-10-26 00:52:36
Procédures judiciaires et blessures graves ou décès liés aux incidents,18,unknown,Relatorio_de_Sustentabilidade_2022.pdf,Integrity of Gas Delivery Infrastructure,Intégrité de l'infrastructure de livraison de gaz,A - High,0.5488768219947815,2025-10-26 00:52:36
Air Pollutant Emission Intensity,18,tCO2e,Relatorio_de_Sustentabilidade_2022.pdf,Greenhouse Gas Emissions Energy Resource Planning,Émissions de gaz à effet de serre et planification des ressources énergétiques,A - High,0.5468006730079651,2025-10-26 00:52:37
Traçabilité des produits,2,unknown,Relatorio_de_Sustentabilidade_2022.pdf,Raw Materials Sourcing,Approvisionnement en matières premières,A - High,0.5436833500862122,2025-10-26 00:52:36
Population de clients affectés,184,unknown,Relatorio_de_Sustentabilidade_2022.pdf,Drinking Water Quality,Qualité de l'eau potable,A - High,0.5404585003852844,2025-10-26 00:52:36
Population exposée dans un rayon de 5 kilomètres des installations de gestion des déchets,8,%,Relatorio_de_Sustentabilidade_2022.pdf,Air Quality,Qualité de l'air,A - High,0.5359718799591064,2025-10-26 00:52:36
Émissions et indicateurs énergétiques,10,unknown,Relatorio_de_Sustentabilidade_2022.pdf,Lifecycle Emissions Balance,Équilibre des émissions sur le cycle de vie,A - High,0.5339145660400391,2025-10-26 00:52:37
Taux de consentement éclairé des participants aux essais cliniques,1,unknown,Relatorio_de_Sustentabilidade_2022.pdf,Safety of Clinical Trial Participants,Sécurité des participants aux essais cliniques,A - High,0.533125638961792,2025-10-26 00:52:37
Total des émissions de GES provenant de la production d'électricité,22,unknown,Relatorio_de_Sustentabilidade_2022.pdf,Greenhouse Gas Emissions Energy Resource Planning,Émissions de gaz à effet de serre et planification des ressources énergétiques,A - High,0.5281469225883484,2025-10-26 00:52:36
Catégorie 2 Dépenses d'investissement,7,currency,Relatorio_de_Sustentabilidade_2022.pdf,Hazardous Waste Management,Gestion des déchets dangereux,A - High,0.5278406739234924,2025-10-26 00:52:36
Pertes liées aux procédures judiciaires pour blanchiment d'argent,412,unknown,Relatorio_de_Sustentabilidade_2022.pdf,Internal Controls on Money Laundering,Contrôles internes sur le blanchiment d'argent,A - High,0.5229947566986084,2025-10-26 00:52:36
Nombre d'audits d'essais cliniques réalisés par région,207,unknown,Relatorio_de_Sustentabilidade_2022.pdf,Safety of Clinical Trial Participants,Sécurité des participants aux essais cliniques,A - High,0.5211760401725769,2025-10-26 00:52:37
Dépenses d'investissement pour les technologies de contrôle des émissions,202,unknown,Relatorio_de_Sustentabilidade_2022.pdf,Greenhouse Gas Emissions Energy Resource Planning,Émissions de gaz à effet de serre et planification des ressources énergétiques,A - High,0.5205584168434143,2025-10-26 00:52:36
Actions d'application gouvernementales par million d'heures de vol,5,%,Relatorio_de_Sustentabilidade_2022.pdf,Accident Safety Management,Gestion de la sécurité des accidents,A - High,0.5179815888404846,2025-10-26 00:52:36
Nombre total d'installations de gestion des déchets dans les zones urbanisées,30174,unknown,Relatorio_de_Sustentabilidade_2022.pdf,Air Quality,Qualité de l'air,A - High,0.5175753831863403,2025-10-26 00:52:36
Nombre de fournisseurs avec certification du système de gestion de la qualité,400,unknown,Relatorio_de_Sustentabilidade_2022.pdf,Counterfeit Drugs,Médicaments contrefaits,A - High,0.5153840780258179,2025-10-26 00:52:36
Total des émissions mondiales brutes de portée 1,7,unknown,Relatorio_de_Sustentabilidade_2022.pdf,Greenhouse Gas Emissions Energy Resource Planning,Émissions de gaz à effet de serre et planification des ressources énergétiques,A - High,0.5121793746948242,2025-10-26 00:52:36
Éradication du travail des enfants forcé et de l'esclavage moderne,2,unknown,Relatorio_de_Sustentabilidade_2022.pdf,Rights of Indigenous Peoples,Droits des peuples autochtones,A - High,0.5101720690727234,2025-10-26 00:52:36
Émissions de NOx par tonne métrique d'électricité générée,7,unknown,Relatorio_de_Sustentabilidade_2022.pdf,Air Quality,Qualité de l'air,A - High,0.5074835419654846,2025-10-26 00:52:37
Nombre d'incidents de contrefaçon détectés par million d'unités vendues,1000,unknown,Relatorio_de_Sustentabilidade_2022.pdf,Counterfeit Drugs,Médicaments contrefaits,A - High,0.5058607459068298,2025-10-26 00:52:37
Total des rappels de produits annuels,200,currency,Relatorio_de_Sustentabilidade_2022.pdf,Product Safety,Sécurité des produits,A - High,0.5055586099624634,2025-10-26 00:52:36
Nombre d'initiatives d'accès aux médicaments,1,unknown,Relatorio_de_Sustentabilidade_2022.pdf,Access to Medicines,Accès aux médicaments,A - High,0.5031919479370117,2025-10-26 00:52:36
Total Gross Global Scope 1 Emissions,20,%,Accor_SA_2021.pdf,Greenhouse Gas Emissions Energy Resource Planning,Émissions de gaz à effet de serre et planification des ressources énergétiques,A - High,0.7425083518028259,2025-10-26 00:58:06
"Scope 1, Scope 2, and, if appropriate, Scope 3 GHG emissions",201,kg,Accor_SA_2021.pdf,Greenhouse Gas Emissions Energy Resource Planning,Émissions de gaz à effet de serre et planification des ressources énergétiques,A - High,0.734927237033844,2025-10-26 00:58:06
Data Privacy Compliance,4,unknown,Accor_SA_2021.pdf,Data Privacy Advertising Standards,Normes publicitaires sur la confidentialité des données,A - High,0.7214951515197754,2025-10-26 00:58:05
Scope 1 GHG Emissions Reduction Target,201,kg,Accor_SA_2021.pdf,Greenhouse Gas Emissions Energy Resource Planning,Émissions de gaz à effet de serre et planification des ressources énergétiques,A - High,0.6962799429893494,2025-10-26 00:58:06
Accident rate (Total),94,%,Accor_SA_2021.pdf,Accident Safety Management,Gestion de la sécurité des accidents,A - High,0.6881852149963379,2025-10-26 00:58:06
Percentage grid electricity and percentage renewable,62,%,Accor_SA_2021.pdf,Greenhouse Gas Emissions Energy Resource Planning,Émissions de gaz à effet de serre et planification des ressources énergétiques,A - High,0.67978435754776,2025-10-26 00:58:06
Board’s oversight of climate-related risks and opportunities,202,unknown,Accor_SA_2021.pdf,Greenhouse Gas Emissions Energy Resource Planning,Émissions de gaz à effet de serre et planification des ressources énergétiques,A - High,0.6680538654327393,2025-10-26 00:58:05
Percentage of suppliers audited annually,94,%,Accor_SA_2021.pdf,Counterfeit Drugs,Médicaments contrefaits,A - High,0.666990339756012,2025-10-26 00:58:06
GHG Emissions Intensity per kWh Delivered,2,kg,Accor_SA_2021.pdf,Greenhouse Gas Emissions Energy Resource Planning,Émissions de gaz à effet de serre et planification des ressources énergétiques,A - High,0.6626700758934021,2025-10-26 00:58:06
Eradication of forced child labor and modern slavery,3,unknown,Accor_SA_2021.pdf,Rights of Indigenous Peoples,Droits des peuples autochtones,A - High,0.6616663336753845,2025-10-26 00:58:06
Percentage of Suppliers Approved through Inspections or Audits,94,%,Accor_SA_2021.pdf,Counterfeit Drugs,Médicaments contrefaits,A - High,0.6585023999214172,2025-10-26 00:58:06
Pourcentage de fournisseurs audités annuellement,4,unknown,Accor_SA_2021.pdf,Counterfeit Drugs,Médicaments contrefaits,A - High,0.6539740562438965,2025-10-26 00:58:05
Safety Risk Mitigation Rate,2,%,Accor_SA_2021.pdf,Accident Safety Management,Gestion de la sécurité des accidents,A - High,0.6535815000534058,2025-10-26 00:58:05
Total Number of Waste Management Facilities in Urbanized Areas,200000,tons,Accor_SA_2021.pdf,Air Quality,Qualité de l'air,A - High,0.6501984596252441,2025-10-26 00:58:06
Accident rate (Overseas),94,%,Accor_SA_2021.pdf,Accident Safety Management,Gestion de la sécurité des accidents,A - High,0.6407564878463745,2025-10-26 00:58:06
Number of Suppliers with Quality Management System Certification,69,%,Accor_SA_2021.pdf,Counterfeit Drugs,Médicaments contrefaits,A - High,0.6344128251075745,2025-10-26 00:58:06
Hazardous Waste Generation Rate,3,tons,Accor_SA_2021.pdf,Hazardous Waste Management,Gestion des déchets dangereux,A - High,0.6186861991882324,2025-10-26 00:58:06
Amount of hazardous waste generated,70,tons,Accor_SA_2021.pdf,Hazardous Waste Management,Gestion des déchets dangereux,A - High,0.6183891296386719,2025-10-26 00:58:06
Objectif de réduction des émissions de GES de portée 1,46,%,Accor_SA_2021.pdf,Greenhouse Gas Emissions Energy Resource Planning,Émissions de gaz à effet de serre et planification des ressources énergétiques,A - High,0.6129134297370911,2025-10-26 00:58:06
Couverture des audits des fournisseurs de niveau 1,4,unknown,Accor_SA_2021.pdf,Labour Conditions in the Supply Chain,Conditions de travail dans la chaîne d'approvisionnement,A - High,0.606107771396637,2025-10-26 00:58:05
Supplier Social Responsibility Commitment Compliance Rate,100,%,Accor_SA_2021.pdf,Labour Conditions in the Supply Chain,Conditions de travail dans la chaîne d'approvisionnement,A - High,0.6012543439865112,2025-10-26 00:58:05
Money Laundering Legal Proceeding Losses,1,unknown,Accor_SA_2021.pdf,Internal Controls on Money Laundering,Contrôles internes sur le blanchiment d'argent,A - High,0.5993763208389282,2025-10-26 00:58:06
Percentage of Products with Assessed Chemicals of Concern,99,%,Accor_SA_2021.pdf,"Product Environmental, Health and Safety Performance","Performance environnementale, santé et sécurité des produits",A - High,0.5985805988311768,2025-10-26 00:58:06
Year-over-Year Change in GHG Emissions,46,%,Accor_SA_2021.pdf,Greenhouse Gas Emissions Energy Resource Planning,Émissions de gaz à effet de serre et planification des ressources énergétiques,A - High,0.5965259671211243,2025-10-26 00:58:06
Aviation Accident Frequency Rate,94,%,Accor_SA_2021.pdf,Accident Safety Management,Gestion de la sécurité des accidents,A - High,0.577019453048706,2025-10-26 00:58:06
Clinical Trial Safety Incident Rate,94,%,Accor_SA_2021.pdf,Safety of Clinical Trial Participants,Sécurité des participants aux essais cliniques,A - High,0.5734754800796509,2025-10-26 00:58:06
Percentage of Suppliers Screened for ESG Issues,18,%,Accor_SA_2021.pdf,Counterfeit Drugs,Médicaments contrefaits,A - High,0.5723598003387451,2025-10-26 00:58:06
Percentage of safety and health plan approvals,77,%,Accor_SA_2021.pdf,Accident Safety Management,Gestion de la sécurité des accidents,A - High,0.5716143846511841,2025-10-26 00:58:05
Number of work-related fatalities for contractors,202,people,Accor_SA_2021.pdf,Accident Safety Management,Gestion de la sécurité des accidents,A - High,0.5651698112487793,2025-10-26 00:58:06
Access to Clean Water,6,m³,Accor_SA_2021.pdf,Drinking Water Quality,Qualité de l'eau potable,A - High,0.564696192741394,2025-10-26 00:58:06
Exposed Population within 5 Kilometers of Waste Management Facilities,200000,tons,Accor_SA_2021.pdf,Air Quality,Qualité de l'air,A - High,0.5635485649108887,2025-10-26 00:58:06
Percentage of Feedstock Suppliers Meeting Sustainability Criteria,12,%,Accor_SA_2021.pdf,Sourcing Environmental Impacts of Feedstock Production,Impacts environnementaux de la production de matières premières,A - High,0.5614033341407776,2025-10-26 00:58:06
Pourcentage de fournisseurs approuvés par des inspections ou des audits,13,unknown,Accor_SA_2021.pdf,Counterfeit Drugs,Médicaments contrefaits,A - High,0.561381459236145,2025-10-26 00:58:05
Human rights impact assessment,200,unknown,Accor_SA_2021.pdf,Food Safety,Sécurité alimentaire,A - High,0.5535529851913452,2025-10-26 00:58:06
Emissions and energy metrics,2,kg,Accor_SA_2021.pdf,Lifecycle Emissions Balance,Équilibre des émissions sur le cycle de vie,A - High,0.5529825091362,2025-10-26 00:58:06
Priority Non-Conformance Rate in Supply Chain Audits,202,%,Accor_SA_2021.pdf,Labour Conditions in the Supply Chain,Conditions de travail dans la chaîne d'approvisionnement,A - High,0.5524917244911194,2025-10-26 00:58:05
Tier 1 Supplier Wastewater Compliance Rate,1,people,Accor_SA_2021.pdf,Environmental Impacts in the Supply Chain,Impacts environnementaux dans la chaîne d'approvisionnement,A - High,0.551982581615448,2025-10-26 00:58:06
Total Number of Enforcement Actions,4,unknown,Accor_SA_2021.pdf,Product Safety,Sécurité des produits,A - High,0.550635039806366,2025-10-26 00:58:06
Category 2 Capital Expenditures,45,%,Accor_SA_2021.pdf,Hazardous Waste Management,Gestion des déchets dangereux,A - High,0.5453680157661438,2025-10-26 00:58:06
Supplier Qualification Approval System Compliance Rate,10,%,Accor_SA_2021.pdf,Labour Conditions in the Supply Chain,Conditions de travail dans la chaîne d'approvisionnement,A - High,0.5444241762161255,2025-10-26 00:58:06
Hazard-based Contaminant Management Ratio,1,%,Accor_SA_2021.pdf,Drinking Water Quality,Qualité de l'eau potable,A - High,0.5434292554855347,2025-10-26 00:58:06
Percentage of Operations Compliant with Jurisdictional Regulatory Requirements for Product Identification and Tracing,5,%,Accor_SA_2021.pdf,Drug Supply Chain Integrity,Intégrité de la chaîne d'approvisionnement des médicaments,A - High,0.5418334603309631,2025-10-26 00:58:05
GHG Emissions Intensity of Biofuel Production,2,kg,Accor_SA_2021.pdf,Sourcing Environmental Impacts of Feedstock Production,Impacts environnementaux de la production de matières premières,A - High,0.5399402976036072,2025-10-26 00:58:06
"Elimination of human trafficking, slavery, and human rights abuses in supply chain",2,unknown,Accor_SA_2021.pdf,Rights of Indigenous Peoples,Droits des peuples autochtones,A - High,0.539384126663208,2025-10-26 00:58:06
Regulatory Compliance Costs for Air Pollutants,99,unknown,Accor_SA_2021.pdf,Greenhouse Gas Emissions Energy Resource Planning,Émissions de gaz à effet de serre et planification des ressources énergétiques,A - High,0.5369114279747009,2025-10-26 00:58:06
High-Risk Food Safety Violation Rate,3,%,Accor_SA_2021.pdf,Food Safety,Sécurité alimentaire,A - High,0.5343732237815857,2025-10-26 00:58:06
Tier 1 Supplier Audit Coverage,1,people,Accor_SA_2021.pdf,Labour Conditions in the Supply Chain,Conditions de travail dans la chaîne d'approvisionnement,A - High,0.5341619253158569,2025-10-26 00:58:06
Temps de disponibilité du système de vérification des données,10,unknown,Accor_SA_2021.pdf,Patient Health Outcomes,Résultats de santé des patients,A - High,0.5320960283279419,2025-10-26 00:58:06
Percentage of restaurants inspected by a food safety oversight body,3,%,Accor_SA_2021.pdf,Food Safety,Sécurité alimentaire,A - High,0.5294653177261353,2025-10-26 00:58:06
Total GHG Emissions from Power Generation,18,%,Accor_SA_2021.pdf,Greenhouse Gas Emissions Energy Resource Planning,Émissions de gaz à effet de serre et planification des ressources énergétiques,A - High,0.5269322991371155,2025-10-26 00:58:06
Chemical Risk Assessment Coverage,2,%,Accor_SA_2021.pdf,Management of Chemicals in Products,Gestion des produits chimiques dans les produits,A - High,0.5223070383071899,2025-10-26 00:58:06
Restaurant Food Safety Inspection Coverage,3,%,Accor_SA_2021.pdf,Food Safety,Sécurité alimentaire,A - High,0.5198478698730469,2025-10-26 00:58:06
Population Affected by Serious Incidents,795000000,people,Accor_SA_2021.pdf,Integrity of Gas Delivery Infrastructure,Intégrité de l'infrastructure de livraison de gaz,A - High,0.517395555973053,2025-10-26 00:58:06
Food Safety Violation Notice Rate,8,%,Accor_SA_2021.pdf,Food Safety,Sécurité alimentaire,A - High,0.5168006420135498,2025-10-26 00:58:06
Educational Resource Accessibility,3,people,Accor_SA_2021.pdf,Patient Health Outcomes,Résultats de santé des patients,A - High,0.511998176574707,2025-10-26 00:58:06
Supplier LTIFR,100,unknown,Accor_SA_2021.pdf,Accident Safety Management,Gestion de la sécurité des accidents,A - High,0.5087273716926575,2025-10-26 00:58:06
High-Risk Dispensing Practices Identified,1,unknown,Accor_SA_2021.pdf,Patient Health Outcomes,Résultats de santé des patients,A - High,0.5074453353881836,2025-10-26 00:58:05
Ratio of Affected Products to Total Products Manufactured,60,%,Accor_SA_2021.pdf,Product Safety,Sécurité des produits,A - High,0.5058021545410156,2025-10-26 00:58:06
Nombre d'audits d'essais cliniques réalisés par région,2,unknown,Accor_SA_2021.pdf,Safety of Clinical Trial Participants,Sécurité des participants aux essais cliniques,A - High,0.505213737487793,2025-10-26 00:58:06
Category 1 Purchased Goods Services,5,%,Accor_SA_2021.pdf,Hazardous Waste Management,Gestion des déchets dangereux,A - High,0.5044462084770203,2025-10-26 00:58:06
Percentage grid electricity and percentage renewable,14,%,ADT_Inc_2023.pdf,Greenhouse Gas Emissions Energy Resource Planning,Émissions de gaz à effet de serre et planification des ressources énergétiques,A - High,0.679523229598999,2025-10-26 00:58:44
"Scope 1, Scope 2, and, if appropriate, Scope 3 GHG emissions",260716,tons,ADT_Inc_2023.pdf,Greenhouse Gas Emissions Energy Resource Planning,Émissions de gaz à effet de serre et planification des ressources énergétiques,A - High,0.6790476441383362,2025-10-26 00:58:44
Total Gross Global Scope 1 Emissions,260716,tons,ADT_Inc_2023.pdf,Greenhouse Gas Emissions Energy Resource Planning,Émissions de gaz à effet de serre et planification des ressources énergétiques,A - High,0.6729168891906738,2025-10-26 00:58:45
Accident rate (Total),1,%,ADT_Inc_2023.pdf,Accident Safety Management,Gestion de la sécurité des accidents,A - High,0.6373885869979858,2025-10-26 00:58:45
Percentage of Suppliers Screened for ESG Issues,16,%,ADT_Inc_2023.pdf,Counterfeit Drugs,Médicaments contrefaits,A - High,0.6294031143188477,2025-10-26 00:58:44
Scope 1 GHG Emissions Reduction Target,260716,tons,ADT_Inc_2023.pdf,Greenhouse Gas Emissions Energy Resource Planning,Émissions de gaz à effet de serre et planification des ressources énergétiques,A - High,0.6252861022949219,2025-10-26 00:58:44
Clinical Trial Safety Incident Rate,1,%,ADT_Inc_2023.pdf,Safety of Clinical Trial Participants,Sécurité des participants aux essais cliniques,A - High,0.584059476852417,2025-10-26 00:58:45
Safety Risk Mitigation Rate,57,%,ADT_Inc_2023.pdf,Accident Safety Management,Gestion de la sécurité des accidents,A - High,0.5705001950263977,2025-10-26 00:58:44
Board’s oversight of climate-related risks and opportunities,230,people,ADT_Inc_2023.pdf,Greenhouse Gas Emissions Energy Resource Planning,Émissions de gaz à effet de serre et planification des ressources énergétiques,A - High,0.5514422059059143,2025-10-26 00:58:44
Number of Unique Medical Product Safety Databases with Listed Products,15,unknown,ADT_Inc_2023.pdf,Product Safety,Sécurité des produits,A - High,0.5498059391975403,2025-10-26 00:58:44
Percentage of safety and health plan approvals,202,%,ADT_Inc_2023.pdf,Accident Safety Management,Gestion de la sécurité des accidents,A - High,0.5308313369750977,2025-10-26 00:58:44
Affected Customer Population,3,unknown,ADT_Inc_2023.pdf,Drinking Water Quality,Qualité de l'eau potable,A - High,0.5293464064598083,2025-10-26 00:58:44
Data Security Breaches,14,unknown,ADT_Inc_2023.pdf,Data Security,Sécurité des données,A - High,0.5275865793228149,2025-10-26 00:58:44
Accident rate (Overseas),1,%,ADT_Inc_2023.pdf,Accident Safety Management,Gestion de la sécurité des accidents,A - High,0.5231033563613892,2025-10-26 00:58:45
Emissions and energy metrics,1,tCO2e,ADT_Inc_2023.pdf,Lifecycle Emissions Balance,Équilibre des émissions sur le cycle de vie,A - High,0.5209828019142151,2025-10-26 00:58:45
Total Number of Enforcement Actions,3,%,ADT_Inc_2023.pdf,Product Safety,Sécurité des produits,A - High,0.5182106494903564,2025-10-26 00:58:44
Chemical Risk Assessment Coverage,23,%,ADT_Inc_2023.pdf,Management of Chemicals in Products,Gestion des produits chimiques dans les produits,A - High,0.5144554972648621,2025-10-26 00:58:44
Average Time to Address Safety Alerts for Affected Products,1,unknown,ADT_Inc_2023.pdf,Product Safety,Sécurité des produits,A - High,0.5083786845207214,2025-10-26 00:58:44
Percentage of Products with Assessed Chemicals of Concern,15,%,ADT_Inc_2023.pdf,"Product Environmental, Health and Safety Performance","Performance environnementale, santé et sécurité des produits",A - High,0.5023724436759949,2025-10-26 00:58:44
Data Security Breaches,800,unknown,Acadia_Healthcare_Co_Inc_2023.pdf,Data Security,Sécurité des données,A - High,0.7033036351203918,2025-10-26 13:39:16
Serious Reportable Events by Healthcare Setting (SRESITE),250,unknown,Acadia_Healthcare_Co_Inc_2023.pdf,Quality of Care Patient Satisfaction,Qualité des soins et satisfaction des patients,A - High,0.6949491500854492,2025-10-26 13:39:16
Total Serious Reportable Events (TSRE),250,unknown,Acadia_Healthcare_Co_Inc_2023.pdf,Quality of Care Patient Satisfaction,Qualité des soins et satisfaction des patients,A - High,0.6663393974304199,2025-10-26 13:39:16
Thirty-Day Readmission Ratio,3,%,Acadia_Healthcare_Co_Inc_2023.pdf,Quality of Care Patient Satisfaction,Qualité des soins et satisfaction des patients,A - High,0.6628937125205994,2025-10-26 13:39:16
Serious Reportable Events by Event Type (SRETYPE),250,unknown,Acadia_Healthcare_Co_Inc_2023.pdf,Quality of Care Patient Satisfaction,Qualité des soins et satisfaction des patients,A - High,0.6366801857948303,2025-10-26 13:39:16
Hazardous Waste Generation Rate,202,%,Acadia_Healthcare_Co_Inc_2023.pdf,Hazardous Waste Management,Gestion des déchets dangereux,A - High,0.6305683255195618,2025-10-26 13:39:16
Unplanned Readmission Rate,3,%,Acadia_Healthcare_Co_Inc_2023.pdf,Quality of Care Patient Satisfaction,Qualité des soins et satisfaction des patients,A - High,0.5941920876502991,2025-10-26 13:39:16
Safety Risk Mitigation Rate,202,%,Acadia_Healthcare_Co_Inc_2023.pdf,Accident Safety Management,Gestion de la sécurité des accidents,A - High,0.5875287055969238,2025-10-26 13:39:16
Amount of hazardous waste generated,202,%,Acadia_Healthcare_Co_Inc_2023.pdf,Hazardous Waste Management,Gestion des déchets dangereux,A - High,0.5734983086585999,2025-10-26 13:39:16
Percentage of Products with Assessed Chemicals of Concern,1,%,Acadia_Healthcare_Co_Inc_2023.pdf,"Product Environmental, Health and Safety Performance","Performance environnementale, santé et sécurité des produits",A - High,0.5722848773002625,2025-10-26 13:39:16
Restricted Substance Compliance Rate,1,%,Acadia_Healthcare_Co_Inc_2023.pdf,Management of Chemicals in Products,Gestion des produits chimiques dans les produits,A - High,0.5489562153816223,2025-10-26 13:39:16
Clinical Trial Safety Training Participation,30,unknown,Acadia_Healthcare_Co_Inc_2023.pdf,Safety of Clinical Trial Participants,Sécurité des participants aux essais cliniques,A - High,0.5340492725372314,2025-10-26 13:39:16
Annual False or Inaccurate Reporting Incidents,1,%,Acadia_Healthcare_Co_Inc_2023.pdf,Air Quality,Qualité de l'air,A - High,0.531346321105957,2025-10-26 13:39:16
Exposed Population within 5 Kilometers of Waste Management Facilities,8,%,Acadia_Healthcare_Co_Inc_2023.pdf,Air Quality,Qualité de l'air,A - High,0.5238620042800903,2025-10-26 13:39:16
Percentage of safety and health plan approvals,202,%,Acadia_Healthcare_Co_Inc_2023.pdf,Accident Safety Management,Gestion de la sécurité des accidents,A - High,0.5215355157852173,2025-10-26 13:39:16
Number of Access to Medicine Initiatives,50,%,Acadia_Healthcare_Co_Inc_2023.pdf,Access to Medicines,Accès aux médicaments,A - High,0.5119307041168213,2025-10-26 13:39:16
Total Number of Waste Management Facilities in Urbanized Areas,1,%,Acadia_Healthcare_Co_Inc_2023.pdf,Air Quality,Qualité de l'air,A - High,0.5078516006469727,2025-10-26 13:39:16
Total Gross Global Scope 1 Emissions,1,%,a2_Milk_Co_Ltd-The_2024.pdf,Greenhouse Gas Emissions Energy Resource Planning,Émissions de gaz à effet de serre et planification des ressources énergétiques,A - High,0.756923496723175,2025-10-26 14:02:43
"Scope 1, Scope 2, and, if appropriate, Scope 3 GHG emissions",1,%,a2_Milk_Co_Ltd-The_2024.pdf,Greenhouse Gas Emissions Energy Resource Planning,Émissions de gaz à effet de serre et planification des ressources énergétiques,A - High,0.7518826127052307,2025-10-26 14:02:43
Scope 1 GHG Emissions Reduction Target,1,%,a2_Milk_Co_Ltd-The_2024.pdf,Greenhouse Gas Emissions Energy Resource Planning,Émissions de gaz à effet de serre et planification des ressources énergétiques,A - High,0.7465304732322693,2025-10-26 14:02:43
Total Drug Recalls Issued,1,%,a2_Milk_Co_Ltd-The_2024.pdf,Drug Supply Chain Integrity,Intégrité de la chaîne d'approvisionnement des médicaments,A - High,0.590034008026123,2025-10-26 14:02:43
GFSI Certification Rate,49,%,a2_Milk_Co_Ltd-The_2024.pdf,Food Safety,Sécurité alimentaire,A - High,0.5792640447616577,2025-10-26 14:02:43
Total amount of food product recalled,1,%,a2_Milk_Co_Ltd-The_2024.pdf,Food Safety,Sécurité alimentaire,A - High,0.5747766494750977,2025-10-26 14:02:43
Total Annual Product Recalls,1,%,a2_Milk_Co_Ltd-The_2024.pdf,Product Safety,Sécurité des produits,A - High,0.5739278793334961,2025-10-26 14:02:43
Percentage of Feedstock Suppliers Meeting Sustainability Criteria,40,%,a2_Milk_Co_Ltd-The_2024.pdf,Sourcing Environmental Impacts of Feedstock Production,Impacts environnementaux de la production de matières premières,A - High,0.5631102323532104,2025-10-26 14:02:43
GFSI Certification Rate of Tier 1 Suppliers,49,%,a2_Milk_Co_Ltd-The_2024.pdf,Food Safety,Sécurité alimentaire,A - High,0.5530024170875549,2025-10-26 14:02:43
High-Risk Food Safety Violation Rate,49,%,a2_Milk_Co_Ltd-The_2024.pdf,Food Safety,Sécurité alimentaire,A - High,0.5104052424430847,2025-10-26 14:02:43
Percentage of Suppliers Screened for ESG Issues,202,%,Adeia_2024_ESG_Report.pdf,Counterfeit Drugs,Médicaments contrefaits,A - High,0.5786053538322449,2025-10-26 14:16:50
Number and aggregate quantity of reportable spills,150,kg,Acme_Electronics_Corp_2023.pdf,Hazardous Waste Management,Gestion des déchets dangereux,A - High,0.8576633334159851,2025-10-26 15:13:29
Amount of hazardous waste generated,89,%,Acme_Electronics_Corp_2023.pdf,Hazardous Waste Management,Gestion des déchets dangereux,A - High,0.8286340832710266,2025-10-26 15:13:28
"Scope 1, Scope 2, and, if appropriate, Scope 3 GHG emissions",3,tCO2e,Acme_Electronics_Corp_2023.pdf,Greenhouse Gas Emissions Energy Resource Planning,Émissions de gaz à effet de serre et planification des ressources énergétiques,A - High,0.783733606338501,2025-10-26 15:13:28
Hazardous Waste Generation Rate,89,%,Acme_Electronics_Corp_2023.pdf,Hazardous Waste Management,Gestion des déchets dangereux,A - High,0.7600520849227905,2025-10-26 15:13:28
Scope 1 GHG Emissions Reduction Target,3,%,Acme_Electronics_Corp_2023.pdf,Greenhouse Gas Emissions Energy Resource Planning,Émissions de gaz à effet de serre et planification des ressources énergétiques,A - High,0.7532628774642944,2025-10-26 15:13:28
Year-over-Year Change in GHG Emissions,202,tCO2e,Acme_Electronics_Corp_2023.pdf,Greenhouse Gas Emissions Energy Resource Planning,Émissions de gaz à effet de serre et planification des ressources énergétiques,A - High,0.7519493103027344,2025-10-26 15:13:28
Percentage of suppliers audited annually,202,%,Acme_Electronics_Corp_2023.pdf,Counterfeit Drugs,Médicaments contrefaits,A - High,0.7103173732757568,2025-10-26 15:13:28
Percentage of Suppliers Screened for ESG Issues,16,%,Acme_Electronics_Corp_2023.pdf,Counterfeit Drugs,Médicaments contrefaits,A - High,0.7056198716163635,2025-10-26 15:13:28
Product Safety Monetary Losses,1,unknown,Acme_Electronics_Corp_2023.pdf,Product Safety,Sécurité des produits,A - High,0.6848939657211304,2025-10-26 15:13:28
Board’s oversight of climate-related risks and opportunities,1,unknown,Acme_Electronics_Corp_2023.pdf,Greenhouse Gas Emissions Energy Resource Planning,Émissions de gaz à effet de serre et planification des ressources énergétiques,A - High,0.6806138157844543,2025-10-26 15:13:28
Percentage grid electricity and percentage renewable,2,%,Acme_Electronics_Corp_2023.pdf,Greenhouse Gas Emissions Energy Resource Planning,Émissions de gaz à effet de serre et planification des ressources énergétiques,A - High,0.6793776750564575,2025-10-26 15:13:28
Human rights impact assessment,14,unknown,Acme_Electronics_Corp_2023.pdf,Food Safety,Sécurité alimentaire,A - High,0.6662280559539795,2025-10-26 15:13:28
Number of recalls issued,2,unknown,Acme_Electronics_Corp_2023.pdf,Food Safety,Sécurité alimentaire,A - High,0.6647166609764099,2025-10-26 15:13:29
Total Number of Waste Management Facilities in Urbanized Areas,3,unknown,Acme_Electronics_Corp_2023.pdf,Air Quality,Qualité de l'air,A - High,0.6593466997146606,2025-10-26 15:13:28
Tier 1 Supplier Audit Coverage,202,%,Acme_Electronics_Corp_2023.pdf,Labour Conditions in the Supply Chain,Conditions de travail dans la chaîne d'approvisionnement,A - High,0.6512647271156311,2025-10-26 15:13:28
Total Annual Product Recalls,1,unknown,Acme_Electronics_Corp_2023.pdf,Product Safety,Sécurité des produits,A - High,0.6506373882293701,2025-10-26 15:13:28
Regulatory Compliance Costs for Air Pollutants,3,unknown,Acme_Electronics_Corp_2023.pdf,Greenhouse Gas Emissions Energy Resource Planning,Émissions de gaz à effet de serre et planification des ressources énergétiques,A - High,0.6467317342758179,2025-10-26 15:13:28
Percentage of Suppliers Approved through Inspections or Audits,202,%,Acme_Electronics_Corp_2023.pdf,Counterfeit Drugs,Médicaments contrefaits,A - High,0.6401492357254028,2025-10-26 15:13:28
Number of Suppliers with Quality Management System Certification,140,unknown,Acme_Electronics_Corp_2023.pdf,Counterfeit Drugs,Médicaments contrefaits,A - High,0.6368796229362488,2025-10-26 15:13:28
Air Pollutant Emission Intensity,3,tCO2e,Acme_Electronics_Corp_2023.pdf,Greenhouse Gas Emissions Energy Resource Planning,Émissions de gaz à effet de serre et planification des ressources énergétiques,A - High,0.633650004863739,2025-10-26 15:13:28
Pourcentage de fournisseurs audités annuellement,4,unknown,Acme_Electronics_Corp_2023.pdf,Counterfeit Drugs,Médicaments contrefaits,A - High,0.6313998103141785,2025-10-26 15:13:28
Units Recalled per Million Sold,2,unknown,Acme_Electronics_Corp_2023.pdf,Product Safety,Sécurité des produits,A - High,0.6302238702774048,2025-10-26 15:13:29
Capital Expenditures for Emission Control Technologies,202,tCO2e,Acme_Electronics_Corp_2023.pdf,Greenhouse Gas Emissions Energy Resource Planning,Émissions de gaz à effet de serre et planification des ressources énergétiques,A - High,0.6288573741912842,2025-10-26 15:13:28
Total Gross Global Scope 1 Emissions,3,tCO2e,Acme_Electronics_Corp_2023.pdf,Greenhouse Gas Emissions Energy Resource Planning,Émissions de gaz à effet de serre et planification des ressources énergétiques,A - High,0.6210002303123474,2025-10-26 15:13:28
Recalled Counterfeit Product Volume,1,unknown,Acme_Electronics_Corp_2023.pdf,Counterfeit Drugs,Médicaments contrefaits,A - High,0.6139223575592041,2025-10-26 15:13:29
Category 1 Purchased Goods Services,5,unknown,Acme_Electronics_Corp_2023.pdf,Hazardous Waste Management,Gestion des déchets dangereux,A - High,0.6120681762695312,2025-10-26 15:13:28
Percentage of Products with Assessed Chemicals of Concern,2,%,Acme_Electronics_Corp_2023.pdf,"Product Environmental, Health and Safety Performance","Performance environnementale, santé et sécurité des produits",A - High,0.6098264455795288,2025-10-26 15:13:28
Objectif de réduction des émissions de GES de portée 1,4,unknown,Acme_Electronics_Corp_2023.pdf,Greenhouse Gas Emissions Energy Resource Planning,Émissions de gaz à effet de serre et planification des ressources énergétiques,A - High,0.6039690971374512,2025-10-26 15:13:28
Money Laundering Legal Proceeding Losses,2,unknown,Acme_Electronics_Corp_2023.pdf,Internal Controls on Money Laundering,Contrôles internes sur le blanchiment d'argent,A - High,0.5978481769561768,2025-10-26 15:13:28
Supplier Qualification Approval System Compliance Rate,80,%,Acme_Electronics_Corp_2023.pdf,Labour Conditions in the Supply Chain,Conditions de travail dans la chaîne d'approvisionnement,A - High,0.5961476564407349,2025-10-26 15:13:28
Ratio of Affected Products to Total Products Manufactured,21,%,Acme_Electronics_Corp_2023.pdf,Product Safety,Sécurité des produits,A - High,0.5960296988487244,2025-10-26 15:13:28
GHG Emissions Intensity per kWh Delivered,202,tCO2e,Acme_Electronics_Corp_2023.pdf,Greenhouse Gas Emissions Energy Resource Planning,Émissions de gaz à effet de serre et planification des ressources énergétiques,A - High,0.5958095788955688,2025-10-26 15:13:29
Accident rate (Total),0,%,Acme_Electronics_Corp_2023.pdf,Accident Safety Management,Gestion de la sécurité des accidents,A - High,0.5801085233688354,2025-10-26 15:13:29
Percentage resulting in U.S. Centers for Disease Control and Prevention (CDC) investigation,19,%,Acme_Electronics_Corp_2023.pdf,Food Safety,Sécurité alimentaire,A - High,0.5782943964004517,2025-10-26 15:13:28
Percentage of Feedstock Suppliers Meeting Sustainability Criteria,344162,%,Acme_Electronics_Corp_2023.pdf,Sourcing Environmental Impacts of Feedstock Production,Impacts environnementaux de la production de matières premières,A - High,0.5771602392196655,2025-10-26 15:13:28
High Consequence Area Safety Score,3,unknown,Acme_Electronics_Corp_2023.pdf,Integrity of Gas Delivery Infrastructure,Intégrité de l'infrastructure de livraison de gaz,A - High,0.5764065384864807,2025-10-26 15:13:28
Category 2 Capital Expenditures,1,currency,Acme_Electronics_Corp_2023.pdf,Hazardous Waste Management,Gestion des déchets dangereux,A - High,0.5763225555419922,2025-10-26 15:13:28
Pourcentage de fournisseurs approuvés par des inspections ou des audits,4,unknown,Acme_Electronics_Corp_2023.pdf,Counterfeit Drugs,Médicaments contrefaits,A - High,0.5687808990478516,2025-10-26 15:13:28
Air emissions of NOx (excluding N2O),4,tCO2e,Acme_Electronics_Corp_2023.pdf,Air Quality,Qualité de l'air,A - High,0.5684234499931335,2025-10-26 15:13:29
Pourcentage entraînant une enquête des Centers for Disease Control and Prevention (CDC) des États-Unis,19,unknown,Acme_Electronics_Corp_2023.pdf,Food Safety,Sécurité alimentaire,A - High,0.568212628364563,2025-10-26 15:13:28
Émissions d'air de NOx (hors N2O),4,unknown,Acme_Electronics_Corp_2023.pdf,Air Quality,Qualité de l'air,A - High,0.5647212862968445,2025-10-26 15:13:29
Couverture des audits des fournisseurs de niveau 1,2,unknown,Acme_Electronics_Corp_2023.pdf,Labour Conditions in the Supply Chain,Conditions de travail dans la chaîne d'approvisionnement,A - High,0.5610942244529724,2025-10-26 15:13:28
NOx Emissions per Metric Tonne of Electricity Generated,19,tons,Acme_Electronics_Corp_2023.pdf,Air Quality,Qualité de l'air,A - High,0.5610412359237671,2025-10-26 15:13:29
Fuel Economy Improvement Rate,7,%,Acme_Electronics_Corp_2023.pdf,Fuel Economy Emissions in Use-phase,Émissions de consommation de carburant en phase d'utilisation,A - High,0.5589146614074707,2025-10-26 15:13:28
Percentage of safety and health plan approvals,3,%,Acme_Electronics_Corp_2023.pdf,Accident Safety Management,Gestion de la sécurité des accidents,A - High,0.5568941235542297,2025-10-26 15:13:28
Number of work-related fatalities for contractors,7,%,Acme_Electronics_Corp_2023.pdf,Accident Safety Management,Gestion de la sécurité des accidents,A - High,0.5567607879638672,2025-10-26 15:13:28
Emissions and energy metrics,2,tCO2e,Acme_Electronics_Corp_2023.pdf,Lifecycle Emissions Balance,Équilibre des émissions sur le cycle de vie,A - High,0.5561076998710632,2025-10-26 15:13:28
Exposed Population within 5 Kilometers of Waste Management Facilities,99,%,Acme_Electronics_Corp_2023.pdf,Air Quality,Qualité de l'air,A - High,0.5534356236457825,2025-10-26 15:13:28
Priority Non-Conformance Rate in Supply Chain Audits,202,%,Acme_Electronics_Corp_2023.pdf,Labour Conditions in the Supply Chain,Conditions de travail dans la chaîne d'approvisionnement,A - High,0.5510542392730713,2025-10-26 15:13:28
Dépenses d'investissement pour les technologies de contrôle des émissions,202,unknown,Acme_Electronics_Corp_2023.pdf,Greenhouse Gas Emissions Energy Resource Planning,Émissions de gaz à effet de serre et planification des ressources énergétiques,A - High,0.5460909008979797,2025-10-26 15:13:28
Chemical Wastewater Discharge,72,tons,Acme_Electronics_Corp_2023.pdf,Environmental Social Impacts of Palm Oil Supply Chain,Impacts environnementaux et sociaux de la chaîne d'approvisionnement en huile de palme,A - High,0.5454868674278259,2025-10-26 15:13:28
Supplier Social Responsibility Commitment Compliance Rate,2,%,Acme_Electronics_Corp_2023.pdf,Labour Conditions in the Supply Chain,Conditions de travail dans la chaîne d'approvisionnement,A - High,0.544566810131073,2025-10-26 15:13:28
Number of Approved Suppliers with Third-Party GMP Certification,80,unknown,Acme_Electronics_Corp_2023.pdf,Counterfeit Drugs,Médicaments contrefaits,A - High,0.5417516827583313,2025-10-26 15:13:28
Percentage of Operations Compliant with Jurisdictional Regulatory Requirements for Product Identification and Tracing,2,%,Acme_Electronics_Corp_2023.pdf,Drug Supply Chain Integrity,Intégrité de la chaîne d'approvisionnement des médicaments,A - High,0.5357950329780579,2025-10-26 15:13:28
Number of Unique Medical Product Safety Databases with Listed Products,2,%,Acme_Electronics_Corp_2023.pdf,Product Safety,Sécurité des produits,A - High,0.5348237156867981,2025-10-26 15:13:28
Percentage of Supply Chain Audits with Counterfeit Drug Detection,202,%,Acme_Electronics_Corp_2023.pdf,Drug Supply Chain Integrity,Intégrité de la chaîne d'approvisionnement des médicaments,A - High,0.5311906933784485,2025-10-26 15:13:28
Air emissions of Sox,15,tCO2e,Acme_Electronics_Corp_2023.pdf,Air Quality,Qualité de l'air,A - High,0.5274524092674255,2025-10-26 15:13:29
Affected Customer Population,1,unknown,Acme_Electronics_Corp_2023.pdf,Drinking Water Quality,Qualité de l'eau potable,A - High,0.5201641321182251,2025-10-26 15:13:28
Labour Risk Severity Index,3,people,Acme_Electronics_Corp_2023.pdf,Labour Conditions in the Supply Chain,Conditions de travail dans la chaîne d'approvisionnement,A - High,0.519374668598175,2025-10-26 15:13:28
GHG Emissions Intensity of Biofuel Production,5,tCO2e,Acme_Electronics_Corp_2023.pdf,Sourcing Environmental Impacts of Feedstock Production,Impacts environnementaux de la production de matières premières,A - High,0.5189318656921387,2025-10-26 15:13:28
Air emissions of particulate matter (PM10),3,tCO2e,Acme_Electronics_Corp_2023.pdf,Air Quality,Qualité de l'air,A - High,0.5182798504829407,2025-10-26 15:13:28
High-Risk Dispensing Practices Identified,3,unknown,Acme_Electronics_Corp_2023.pdf,Patient Health Outcomes,Résultats de santé des patients,A - High,0.5176127552986145,2025-10-26 15:13:28
Access to Clean Water,2,m³,Acme_Electronics_Corp_2023.pdf,Drinking Water Quality,Qualité de l'eau potable,A - High,0.5149118900299072,2025-10-26 15:13:28
Taux de conformité à l'engagement de responsabilité sociale des fournisseurs,4,unknown,Acme_Electronics_Corp_2023.pdf,Labour Conditions in the Supply Chain,Conditions de travail dans la chaîne d'approvisionnement,A - High,0.5075275897979736,2025-10-26 15:13:28
Accident rate (Overseas),0,%,Acme_Electronics_Corp_2023.pdf,Accident Safety Management,Gestion de la sécurité des accidents,A - High,0.5037481188774109,2025-10-26 15:13:29
Total GHG Emissions from Power Generation,202,tons,Acme_Electronics_Corp_2023.pdf,Greenhouse Gas Emissions Energy Resource Planning,Émissions de gaz à effet de serre et planification des ressources énergétiques,A - High,0.5026558041572571,2025-10-26 15:13:28
Clinical Trial Safety Training Participation,403,people,Acme_Electronics_Corp_2023.pdf,Safety of Clinical Trial Participants,Sécurité des participants aux essais cliniques,A - High,0.5019698143005371,2025-10-26 15:13:28
Pourcentage des émissions de SOx dans les zones urbaines,15,unknown,Acme_Electronics_Corp_2023.pdf,Air Quality,Qualité de l'air,A - High,0.5006811618804932,2025-10-26 15:13:29
Data Security Breaches,202,unknown,ABN_AMRO_Bank_NV_2021.pdf,Data Security,Sécurité des données,A - High,0.5983872413635254,2025-10-26 15:34:21
Data Privacy Compliance,230,unknown,ABN_AMRO_Bank_NV_2021.pdf,Data Privacy Advertising Standards,Normes publicitaires sur la confidentialité des données,A - High,0.5271092653274536,2025-10-26 15:34:21
Percentage of Suppliers Screened for ESG Issues,202,%,Aecon_Group_Inc._2023.pdf,Counterfeit Drugs,Médicaments contrefaits,A - High,0.7682496905326843,2025-10-26 15:45:40
"Scope 1, Scope 2, and, if appropriate, Scope 3 GHG emissions",202,tCO2e,Aecon_Group_Inc._2023.pdf,Greenhouse Gas Emissions Energy Resource Planning,Émissions de gaz à effet de serre et planification des ressources énergétiques,A - High,0.7405946254730225,2025-10-26 15:45:40
Total Gross Global Scope 1 Emissions,202,tCO2e,Aecon_Group_Inc._2023.pdf,Greenhouse Gas Emissions Energy Resource Planning,Émissions de gaz à effet de serre et planification des ressources énergétiques,A - High,0.7120139598846436,2025-10-26 15:45:40
Safety Risk Mitigation Rate,10,%,Aecon_Group_Inc._2023.pdf,Accident Safety Management,Gestion de la sécurité des accidents,A - High,0.644702136516571,2025-10-26 15:45:40
Fuel Economy Improvement Rate,3,%,Aecon_Group_Inc._2023.pdf,Fuel Economy Emissions in Use-phase,Émissions de consommation de carburant en phase d'utilisation,A - High,0.6254814863204956,2025-10-26 15:45:40
Total Number of Waste Management Facilities in Urbanized Areas,202,unknown,Aecon_Group_Inc._2023.pdf,Air Quality,Qualité de l'air,A - High,0.6123487949371338,2025-10-26 15:45:40
Hazardous Waste Generation Rate,5,%,Aecon_Group_Inc._2023.pdf,Hazardous Waste Management,Gestion des déchets dangereux,A - High,0.6119111180305481,2025-10-26 15:45:40
Aviation Accident Frequency Rate,89,%,Aecon_Group_Inc._2023.pdf,Accident Safety Management,Gestion de la sécurité des accidents,A - High,0.6037610173225403,2025-10-26 15:45:41
Number of work-related fatalities for contractors,1,currency,Aecon_Group_Inc._2023.pdf,Accident Safety Management,Gestion de la sécurité des accidents,A - High,0.6003084182739258,2025-10-26 15:45:41
Exposed Population within 5 Kilometers of Waste Management Facilities,202,unknown,Aecon_Group_Inc._2023.pdf,Air Quality,Qualité de l'air,A - High,0.5965183973312378,2025-10-26 15:45:40
Percentage of Feedstock Suppliers Meeting Sustainability Criteria,1081,%,Aecon_Group_Inc._2023.pdf,Sourcing Environmental Impacts of Feedstock Production,Impacts environnementaux de la production de matières premières,A - High,0.5956115126609802,2025-10-26 15:45:40
Percentage of safety and health plan approvals,10,%,Aecon_Group_Inc._2023.pdf,Accident Safety Management,Gestion de la sécurité des accidents,A - High,0.5902971625328064,2025-10-26 15:45:41
Number and aggregate quantity of reportable spills,2,unknown,Aecon_Group_Inc._2023.pdf,Hazardous Waste Management,Gestion des déchets dangereux,A - High,0.5809630155563354,2025-10-26 15:45:41
Objectif de réduction des émissions de GES de portée 1,177600,unknown,Aecon_Group_Inc._2023.pdf,Greenhouse Gas Emissions Energy Resource Planning,Émissions de gaz à effet de serre et planification des ressources énergétiques,A - High,0.5779764652252197,2025-10-26 15:45:40
Product Safety Monetary Losses,5000000,currency,Aecon_Group_Inc._2023.pdf,Product Safety,Sécurité des produits,A - High,0.5776516199111938,2025-10-26 15:45:40
Accident rate (Total),89,%,Aecon_Group_Inc._2023.pdf,Accident Safety Management,Gestion de la sécurité des accidents,A - High,0.5721425414085388,2025-10-26 15:45:41
Trend in Reported Fatalities from Medical Equipment,1,currency,Aecon_Group_Inc._2023.pdf,Product Safety,Sécurité des produits,A - High,0.5697121024131775,2025-10-26 15:45:41
Amount of hazardous waste generated,5,%,Aecon_Group_Inc._2023.pdf,Hazardous Waste Management,Gestion des déchets dangereux,A - High,0.5690494775772095,2025-10-26 15:45:40
GHG Emissions Intensity of Biofuel Production,924200,%,Aecon_Group_Inc._2023.pdf,Sourcing Environmental Impacts of Feedstock Production,Impacts environnementaux de la production de matières premières,A - High,0.5592421889305115,2025-10-26 15:45:40
Labour Risk Severity Index,49,unknown,Aecon_Group_Inc._2023.pdf,Labour Conditions in the Supply Chain,Conditions de travail dans la chaîne d'approvisionnement,A - High,0.5510738492012024,2025-10-26 15:45:41
Intensité des émissions de GES de la production de biocarburants,924200,%,Aecon_Group_Inc._2023.pdf,Sourcing Environmental Impacts of Feedstock Production,Impacts environnementaux de la production de matières premières,A - High,0.5479190945625305,2025-10-26 15:45:41
Year-over-Year Change in GHG Emissions,30,%,Aecon_Group_Inc._2023.pdf,Greenhouse Gas Emissions Energy Resource Planning,Émissions de gaz à effet de serre et planification des ressources énergétiques,A - High,0.5436575412750244,2025-10-26 15:45:40
Total des émissions de GES provenant de la production d'électricité,177600,unknown,Aecon_Group_Inc._2023.pdf,Greenhouse Gas Emissions Energy Resource Planning,Émissions de gaz à effet de serre et planification des ressources énergétiques,A - High,0.5365249514579773,2025-10-26 15:45:41
Percentage grid electricity and percentage renewable,2,%,Aecon_Group_Inc._2023.pdf,Greenhouse Gas Emissions Energy Resource Planning,Émissions de gaz à effet de serre et planification des ressources énergétiques,A - High,0.5331441760063171,2025-10-26 15:45:40
Air Pollutant Emission Intensity,177600,tCO2e,Aecon_Group_Inc._2023.pdf,Greenhouse Gas Emissions Energy Resource Planning,Émissions de gaz à effet de serre et planification des ressources énergétiques,A - High,0.5290518999099731,2025-10-26 15:45:41
Access to Clean Water,1,m³,Aecon_Group_Inc._2023.pdf,Drinking Water Quality,Qualité de l'eau potable,A - High,0.5258417129516602,2025-10-26 15:45:41
Supplier Qualification Approval System Compliance Rate,202,%,Aecon_Group_Inc._2023.pdf,Labour Conditions in the Supply Chain,Conditions de travail dans la chaîne d'approvisionnement,A - High,0.5228059887886047,2025-10-26 15:45:40
Emissions and energy metrics,1,%,Aecon_Group_Inc._2023.pdf,Lifecycle Emissions Balance,Équilibre des émissions sur le cycle de vie,A - High,0.5108044743537903,2025-10-26 15:45:41
Émissions et indicateurs énergétiques,1,%,Aecon_Group_Inc._2023.pdf,Lifecycle Emissions Balance,Équilibre des émissions sur le cycle de vie,A - High,0.5089058876037598,2025-10-26 15:45:41
Dépenses d'investissement pour les technologies de contrôle des émissions,1,%,Aecon_Group_Inc._2023.pdf,Greenhouse Gas Emissions Energy Resource Planning,Émissions de gaz à effet de serre et planification des ressources énergétiques,A - High,0.5065707564353943,2025-10-26 15:45:41
"Elimination of human trafficking, slavery, and human rights abuses in supply chain",202,unknown,Aecon_Group_Inc._2023.pdf,Rights of Indigenous Peoples,Droits des peuples autochtones,A - High,0.501109778881073,2025-10-26 15:45:41
Board’s oversight of climate-related risks and opportunities,135,unknown,AAON_Inc_2023.pdf,Greenhouse Gas Emissions Energy Resource Planning,Émissions de gaz à effet de serre et planification des ressources énergétiques,A - High,0.8779488205909729,2025-10-26 16:18:00
"Scope 1, Scope 2, and, if appropriate, Scope 3 GHG emissions",1,tCO2e,AAON_Inc_2023.pdf,Greenhouse Gas Emissions Energy Resource Planning,Émissions de gaz à effet de serre et planification des ressources énergétiques,A - High,0.8244614005088806,2025-10-26 16:18:00
Scope 1 GHG Emissions Reduction Target,1,%,AAON_Inc_2023.pdf,Greenhouse Gas Emissions Energy Resource Planning,Émissions de gaz à effet de serre et planification des ressources énergétiques,A - High,0.8071187734603882,2025-10-26 16:18:00
Total Gross Global Scope 1 Emissions,1,tCO2e,AAON_Inc_2023.pdf,Greenhouse Gas Emissions Energy Resource Planning,Émissions de gaz à effet de serre et planification des ressources énergétiques,A - High,0.7651682496070862,2025-10-26 16:18:00
Percentage grid electricity and percentage renewable,100,%,AAON_Inc_2023.pdf,Greenhouse Gas Emissions Energy Resource Planning,Émissions de gaz à effet de serre et planification des ressources énergétiques,A - High,0.6534996628761292,2025-10-26 16:18:00
Hazardous Waste Generation Rate,100,%,AAON_Inc_2023.pdf,Hazardous Waste Management,Gestion des déchets dangereux,A - High,0.6190387606620789,2025-10-26 16:18:00
Human rights impact assessment,48,unknown,AAON_Inc_2023.pdf,Food Safety,Sécurité alimentaire,A - High,0.6083547472953796,2025-10-26 16:18:00
Affected Customer Population,10,unknown,AAON_Inc_2023.pdf,Drinking Water Quality,Qualité de l'eau potable,A - High,0.6010243892669678,2025-10-26 16:18:00
Number of Unique Medical Product Safety Databases with Listed Products,2,unknown,AAON_Inc_2023.pdf,Product Safety,Sécurité des produits,A - High,0.5909770727157593,2025-10-26 16:18:00
Nombre de fournisseurs avec certification du système de gestion de la qualité,608,unknown,AAON_Inc_2023.pdf,Counterfeit Drugs,Médicaments contrefaits,A - High,0.573089599609375,2025-10-26 16:18:01
Number of Suppliers with Quality Management System Certification,69,people,AAON_Inc_2023.pdf,Counterfeit Drugs,Médicaments contrefaits,A - High,0.5724358558654785,2025-10-26 16:18:00
Year-over-Year Change in GHG Emissions,43,%,AAON_Inc_2023.pdf,Greenhouse Gas Emissions Energy Resource Planning,Émissions de gaz à effet de serre et planification des ressources énergétiques,A - High,0.5711885094642639,2025-10-26 16:18:01
Percentage of Feedstock Suppliers Meeting Sustainability Criteria,80,%,AAON_Inc_2023.pdf,Sourcing Environmental Impacts of Feedstock Production,Impacts environnementaux de la production de matières premières,A - High,0.5643967986106873,2025-10-26 16:18:00
Product Safety Monetary Losses,2,unknown,AAON_Inc_2023.pdf,Product Safety,Sécurité des produits,A - High,0.5544595718383789,2025-10-26 16:18:00
Total GHG Emissions from Power Generation,52,%,AAON_Inc_2023.pdf,Greenhouse Gas Emissions Energy Resource Planning,Émissions de gaz à effet de serre et planification des ressources énergétiques,A - High,0.5518169403076172,2025-10-26 16:18:01
Amount of hazardous waste generated,100,%,AAON_Inc_2023.pdf,Hazardous Waste Management,Gestion des déchets dangereux,A - High,0.5506950616836548,2025-10-26 16:18:01
Percentage of safety and health plan approvals,33,%,AAON_Inc_2023.pdf,Accident Safety Management,Gestion de la sécurité des accidents,A - High,0.5387770533561707,2025-10-26 16:18:01
Clinical Trial Safety Incident Rate,33,%,AAON_Inc_2023.pdf,Safety of Clinical Trial Participants,Sécurité des participants aux essais cliniques,A - High,0.5383478999137878,2025-10-26 16:18:01
GHG Emissions Intensity per kWh Delivered,52,%,AAON_Inc_2023.pdf,Greenhouse Gas Emissions Energy Resource Planning,Émissions de gaz à effet de serre et planification des ressources énergétiques,A - High,0.5294311046600342,2025-10-26 16:18:00
Capital Expenditures for Emission Control Technologies,17,%,AAON_Inc_2023.pdf,Greenhouse Gas Emissions Energy Resource Planning,Émissions de gaz à effet de serre et planification des ressources énergétiques,A - High,0.5207316279411316,2025-10-26 16:18:00
Research and innovation in sustainable science,77,people,AAON_Inc_2023.pdf,Access to Medicines,Accès aux médicaments,A - High,0.5200402140617371,2025-10-26 16:18:00
Emissions and energy metrics,17,%,AAON_Inc_2023.pdf,Lifecycle Emissions Balance,Équilibre des émissions sur le cycle de vie,A - High,0.519402027130127,2025-10-26 16:18:00
Total NOx Emissions,43,%,AAON_Inc_2023.pdf,Air Quality,Qualité de l'air,A - High,0.5124565958976746,2025-10-26 16:18:01
Percentage of Products with Assessed Chemicals of Concern,28,%,AAON_Inc_2023.pdf,"Product Environmental, Health and Safety Performance","Performance environnementale, santé et sécurité des produits",A - High,0.506012499332428,2025-10-26 16:18:00
Air emissions of particulate matter (PM10),4,tCO2e,AAON_Inc_2023.pdf,Air Quality,Qualité de l'air,A - High,0.5015149712562561,2025-10-26 16:18:01
Average Time to Address Safety Alerts for Affected Products,10,%,AAON_Inc_2023.pdf,Product Safety,Sécurité des produits,A - High,0.5003865361213684,2025-10-26 16:18:01
